doc_id,group,engine,device,lang,n_pages,seconds,sec_per_page,gt_found,gt_chars,pred_chars,gt_words,pred_words,exact_match,cer,wer,char_errors,word_errors,normalize,error,pdf,gt,pred_path
ch__1767528250552_B264D298D87D4A329BAAEE4DE23DFB2D,ch,paddleocr_vl,gpu:0,,,,,1,1110,1052,75,19,0,0.066667,0.92,74,69,basic,,/home/hjkim/doc_ocr/data/ch/1767528250552_B264D298D87D4A329BAAEE4DE23DFB2D.pdf,/home/hjkim/doc_ocr/data/gt/ch/1767528250552_B264D298D87D4A329BAAEE4DE23DFB2D.txt,/home/hjkim/doc_ocr/result/pred/paddleocr_vl/ch__1767528250552_B264D298D87D4A329BAAEE4DE23DFB2D.txt
ch__四川省川谷坊酒业有限公司、曾庆芬非法吸收公众存款罪一审刑事判决书,ch,paddleocr_vl,gpu:0,,,,,1,4612,4524,236,121,0,0.041197,0.84322,190,199,basic,,/home/hjkim/doc_ocr/data/ch/四川省川谷坊酒业有限公司、曾庆芬非法吸收公众存款罪一审刑事判决书.pdf,/home/hjkim/doc_ocr/data/gt/ch/四川省川谷坊酒业有限公司、曾庆芬非法吸收公众存款罪一审刑事判决书.txt,/home/hjkim/doc_ocr/result/pred/paddleocr_vl/ch__四川省川谷坊酒业有限公司、曾庆芬非法吸收公众存款罪一审刑事判决书.txt
ch__（2025）빴0115覲놓1254뵀(覲慤털엄蝎),ch,paddleocr_vl,gpu:0,,2,6.127,3.063,1,1164,712,37,4,0,0.97079,1.0,1130,37,basic,,/home/hjkim/doc_ocr/data/ch/（2025）빴0115覲놓1254뵀(覲慤털엄蝎).pdf,/home/hjkim/doc_ocr/data/gt/ch/（2025）빴0115覲놓1254뵀(覲慤털엄蝎).txt,/home/hjkim/doc_ocr/result/pred/paddleocr_vl/ch__（2025）빴0115覲놓1254뵀(覲慤털엄蝎).txt
ch__（2025）빴0120覲놓15뵀(覲慤털엄蝎),ch,paddleocr_vl,gpu:0,,2,2.66,1.33,1,1148,89,38,25,0,0.94338,1.0,1083,38,basic,,/home/hjkim/doc_ocr/data/ch/（2025）빴0120覲놓15뵀(覲慤털엄蝎).pdf,/home/hjkim/doc_ocr/data/gt/ch/（2025）빴0120覲놓15뵀(覲慤털엄蝎).txt,/home/hjkim/doc_ocr/result/pred/paddleocr_vl/ch__（2025）빴0120覲놓15뵀(覲慤털엄蝎).txt
ch__（2025）빴0120覲놓390뵀(覲慤털엄蝎),ch,paddleocr_vl,gpu:0,,2,1.911,0.956,1,1933,205,59,2,0,0.978789,1.0,1892,59,basic,,/home/hjkim/doc_ocr/data/ch/（2025）빴0120覲놓390뵀(覲慤털엄蝎).pdf,/home/hjkim/doc_ocr/data/gt/ch/（2025）빴0120覲놓390뵀(覲慤털엄蝎).txt,/home/hjkim/doc_ocr/result/pred/paddleocr_vl/ch__（2025）빴0120覲놓390뵀(覲慤털엄蝎).txt
en__24-7435_5if6,en,paddleocr_vl,gpu:0,,3,31.93,10.643,1,5166,5111,857,828,0,0.010647,0.070012,55,60,basic,,/home/hjkim/doc_ocr/data/en/24-7435_5if6.pdf,/home/hjkim/doc_ocr/data/gt/en/24-7435_5if6.txt,/home/hjkim/doc_ocr/result/pred/paddleocr_vl/en__24-7435_5if6.txt
en__249799,en,paddleocr_vl,gpu:0,,2,24.224,12.112,1,2944,2941,434,421,0,0.253736,0.269585,747,117,basic,,/home/hjkim/doc_ocr/data/en/249799.pdf,/home/hjkim/doc_ocr/data/gt/en/249799.txt,/home/hjkim/doc_ocr/result/pred/paddleocr_vl/en__249799.txt
en__25-524_0971,en,paddleocr_vl,gpu:0,,3,34.082,11.361,1,5399,5336,867,829,0,0.01241,0.086505,67,75,basic,,/home/hjkim/doc_ocr/data/en/25-524_0971.pdf,/home/hjkim/doc_ocr/data/gt/en/25-524_0971.txt,/home/hjkim/doc_ocr/result/pred/paddleocr_vl/en__25-524_0971.txt
en__25-821_e29g,en,paddleocr_vl,gpu:0,,1,10.169,10.169,1,1473,1462,238,231,0,0.008826,0.058824,13,14,basic,,/home/hjkim/doc_ocr/data/en/25-821_e29g.pdf,/home/hjkim/doc_ocr/data/gt/en/25-821_e29g.txt,/home/hjkim/doc_ocr/result/pred/paddleocr_vl/en__25-821_e29g.txt
en__25-851_ed9f,en,paddleocr_vl,gpu:0,,1,9.348,9.348,1,1505,1489,249,240,0,0.010631,0.068273,16,17,basic,,/home/hjkim/doc_ocr/data/en/25-851_ed9f.pdf,/home/hjkim/doc_ocr/data/gt/en/25-851_ed9f.txt,/home/hjkim/doc_ocr/result/pred/paddleocr_vl/en__25-851_ed9f.txt
en__25-885_5h26,en,paddleocr_vl,gpu:0,,3,35.746,11.915,1,5550,5501,939,915,0,0.008829,0.053248,49,50,basic,,/home/hjkim/doc_ocr/data/en/25-885_5h26.pdf,/home/hjkim/doc_ocr/data/gt/en/25-885_5h26.txt,/home/hjkim/doc_ocr/result/pred/paddleocr_vl/en__25-885_5h26.txt
en__USCOURTS-caed-6_25-mj-00015-1,en,paddleocr_vl,gpu:0,,3,46.436,15.479,1,5601,5667,983,989,0,0.104624,0.191251,586,188,basic,,/home/hjkim/doc_ocr/data/en/USCOURTS-caed-6_25-mj-00015-1.pdf,/home/hjkim/doc_ocr/data/gt/en/USCOURTS-caed-6_25-mj-00015-1.txt,/home/hjkim/doc_ocr/result/pred/paddleocr_vl/en__USCOURTS-caed-6_25-mj-00015-1.txt
en__USCOURTS-mnd-0_06-cr-00130-1,en,paddleocr_vl,gpu:0,,3,22.753,7.584,1,3348,3394,527,531,0,0.014934,0.020873,50,11,basic,,/home/hjkim/doc_ocr/data/en/USCOURTS-mnd-0_06-cr-00130-1.pdf,/home/hjkim/doc_ocr/data/gt/en/USCOURTS-mnd-0_06-cr-00130-1.txt,/home/hjkim/doc_ocr/result/pred/paddleocr_vl/en__USCOURTS-mnd-0_06-cr-00130-1.txt
en__gomez_albertocortes,en,paddleocr_vl,gpu:0,,2,19.027,9.514,1,2508,2462,389,374,0,0.049442,0.095116,124,37,basic,,/home/hjkim/doc_ocr/data/en/gomez_albertocortes.pdf,/home/hjkim/doc_ocr/data/gt/en/gomez_albertocortes.txt,/home/hjkim/doc_ocr/result/pred/paddleocr_vl/en__gomez_albertocortes.txt
en__vae1_tetteh_0,en,paddleocr_vl,gpu:0,,2,21.305,10.653,1,2864,2819,454,429,0,0.092528,0.15859,265,72,basic,,/home/hjkim/doc_ocr/data/en/vae1_tetteh_0.pdf,/home/hjkim/doc_ocr/data/gt/en/vae1_tetteh_0.txt,/home/hjkim/doc_ocr/result/pred/paddleocr_vl/en__vae1_tetteh_0.txt
ko__140801_서부지검_보도자료,ko,paddleocr_vl,gpu:0,,5,88.078,17.616,1,3698,4274,776,744,0,0.24662,0.403351,912,313,basic,,/home/hjkim/doc_ocr/data/ko/140801_서부지검_보도자료.pdf,/home/hjkim/doc_ocr/data/gt/ko/140801_서부지검_보도자료.txt,/home/hjkim/doc_ocr/result/pred/paddleocr_vl/ko__140801_서부지검_보도자료.txt
ko__2015고단7004_판결문,ko,paddleocr_vl,gpu:0,,6,95.012,15.835,1,4450,4398,1087,1047,0,0.029438,0.142594,131,155,basic,,/home/hjkim/doc_ocr/data/ko/2015고단7004_판결문.pdf,/home/hjkim/doc_ocr/data/gt/ko/2015고단7004_판결문.txt,/home/hjkim/doc_ocr/result/pred/paddleocr_vl/ko__2015고단7004_판결문.txt
ko__2015노4675_판결문,ko,paddleocr_vl,gpu:0,,2,112.13,56.065,1,5324,5223,1289,1204,0,0.34429,0.469356,1833,605,basic,,/home/hjkim/doc_ocr/data/ko/2015노4675_판결문.pdf,/home/hjkim/doc_ocr/data/gt/ko/2015노4675_판결문.txt,/home/hjkim/doc_ocr/result/pred/paddleocr_vl/ko__2015노4675_판결문.txt
ko__2023고단2541_판결문_검수완료,ko,paddleocr_vl,gpu:0,,6,99.692,16.615,1,4484,4388,1092,1016,0,0.029884,0.135531,134,148,basic,,/home/hjkim/doc_ocr/data/ko/2023고단2541_판결문_검수완료.pdf,/home/hjkim/doc_ocr/data/gt/ko/2023고단2541_판결문_검수완료.txt,/home/hjkim/doc_ocr/result/pred/paddleocr_vl/ko__2023고단2541_판결문_검수완료.txt
ko__2025고정378_판결문,ko,paddleocr_vl,gpu:0,,2,18.702,9.351,1,783,764,199,185,0,0.024266,0.100503,19,20,basic,,/home/hjkim/doc_ocr/data/ko/2025고정378_판결문.pdf,/home/hjkim/doc_ocr/data/gt/ko/2025고정378_판결문.txt,/home/hjkim/doc_ocr/result/pred/paddleocr_vl/ko__2025고정378_판결문.txt
ko__2025고합394_판결문,ko,paddleocr_vl,gpu:0,,8,148.037,18.505,1,6678,6589,1554,1483,0,0.015124,0.083012,101,129,basic,,/home/hjkim/doc_ocr/data/ko/2025고합394_판결문.pdf,/home/hjkim/doc_ocr/data/gt/ko/2025고합394_판결문.txt,/home/hjkim/doc_ocr/result/pred/paddleocr_vl/ko__2025고합394_판결문.txt
ko__231201_보도자료(360억_원_대출을_알선하고_억대_수수료를_취득한_대출_브로커_및_은행지점장_구속_기소)-통영지청,ko,paddleocr_vl,gpu:0,,4,64.679,16.17,1,2764,2880,650,492,0,0.248191,0.393846,686,256,basic,,/home/hjkim/doc_ocr/data/ko/231201_보도자료(360억_원_대출을_알선하고_억대_수수료를_취득한_대출_브로커_및_은행지점장_구속_기소)-통영지청.pdf,/home/hjkim/doc_ocr/data/gt/ko/231201_보도자료(360억_원_대출을_알선하고_억대_수수료를_취득한_대출_브로커_및_은행지점장_구속_기소)-통영지청.txt,/home/hjkim/doc_ocr/result/pred/paddleocr_vl/ko__231201_보도자료(360억_원_대출을_알선하고_억대_수수료를_취득한_대출_브로커_및_은행지점장_구속_기소)-통영지청.txt
ko__250723_보도자료(유튜브_36주_태아_낙태살인_사건_구속_기소_등)-서울중앙지검,ko,paddleocr_vl,gpu:0,,4,79.735,19.934,1,3443,3365,806,744,0,0.054604,0.162531,188,131,basic,,/home/hjkim/doc_ocr/data/ko/250723_보도자료(유튜브_36주_태아_낙태살인_사건_구속_기소_등)-서울중앙지검.pdf,/home/hjkim/doc_ocr/data/gt/ko/250723_보도자료(유튜브_36주_태아_낙태살인_사건_구속_기소_등)-서울중앙지검.txt,/home/hjkim/doc_ocr/result/pred/paddleocr_vl/ko__250723_보도자료(유튜브_36주_태아_낙태살인_사건_구속_기소_등)-서울중앙지검.txt
ko__251223_보도자료(세계_1위_K반도체_국가핵심기술_유출사건_수사_결과)-서울중앙지검,ko,paddleocr_vl,gpu:0,,8,152.883,19.11,1,6651,6978,1605,1430,0,0.14464,0.26729,962,429,basic,,/home/hjkim/doc_ocr/data/ko/251223_보도자료(세계_1위_K반도체_국가핵심기술_유출사건_수사_결과)-서울중앙지검.pdf,/home/hjkim/doc_ocr/data/gt/ko/251223_보도자료(세계_1위_K반도체_국가핵심기술_유출사건_수사_결과)-서울중앙지검.txt,/home/hjkim/doc_ocr/result/pred/paddleocr_vl/ko__251223_보도자료(세계_1위_K반도체_국가핵심기술_유출사건_수사_결과)-서울중앙지검.txt
ko__260120__보도자료(6776억_원_규모_한국전력공사_입찰_담합_사건_수사_결과)-서울중앙지검,ko,paddleocr_vl,gpu:0,,7,152.258,21.751,1,6565,7816,1516,1196,0,0.308454,0.348945,2025,529,basic,,/home/hjkim/doc_ocr/data/ko/260120__보도자료(6776억_원_규모_한국전력공사_입찰_담합_사건_수사_결과)-서울중앙지검.pdf,/home/hjkim/doc_ocr/data/gt/ko/260120__보도자료(6776억_원_규모_한국전력공사_입찰_담합_사건_수사_결과)-서울중앙지검.txt,/home/hjkim/doc_ocr/result/pred/paddleocr_vl/ko__260120__보도자료(6776억_원_규모_한국전력공사_입찰_담합_사건_수사_결과)-서울중앙지검.txt
pil__AvoidImmigrationScamsGetHelp_Tagalog-508,pil,paddleocr_vl,gpu:0,,5,79.551,15.91,1,9730,10285,1586,1628,0,0.065262,0.080706,635,128,basic,,/home/hjkim/doc_ocr/data/pil/AvoidImmigrationScamsGetHelp_Tagalog-508.pdf,/home/hjkim/doc_ocr/data/gt/pil/AvoidImmigrationScamsGetHelp_Tagalog-508.txt,/home/hjkim/doc_ocr/result/pred/paddleocr_vl/pil__AvoidImmigrationScamsGetHelp_Tagalog-508.txt
pil__Government Imposter Scams poster_TL,pil,paddleocr_vl,gpu:0,,1,3.38,3.38,1,320,317,51,49,0,0.009375,0.058824,3,3,basic,,/home/hjkim/doc_ocr/data/pil/Government Imposter Scams poster_TL.pdf,/home/hjkim/doc_ocr/data/gt/pil/Government Imposter Scams poster_TL.txt,/home/hjkim/doc_ocr/result/pred/paddleocr_vl/pil__Government Imposter Scams poster_TL.txt
pil__How-to-avoid-a-scam_Tagalog_August2023,pil,paddleocr_vl,gpu:0,,2,32.075,16.037,1,4115,4056,679,668,0,0.026002,0.044183,107,30,basic,,/home/hjkim/doc_ocr/data/pil/How-to-avoid-a-scam_Tagalog_August2023.pdf,/home/hjkim/doc_ocr/data/gt/pil/How-to-avoid-a-scam_Tagalog_August2023.txt,/home/hjkim/doc_ocr/result/pred/paddleocr_vl/pil__How-to-avoid-a-scam_Tagalog_August2023.txt
pil__empower-yourself-against-utility-scams_tl-508ftclogo,pil,paddleocr_vl,gpu:0,,1,19.045,19.045,1,2453,2551,410,418,0,0.046474,0.058537,114,24,basic,,/home/hjkim/doc_ocr/data/pil/empower-yourself-against-utility-scams_tl-508ftclogo.pdf,/home/hjkim/doc_ocr/data/gt/pil/empower-yourself-against-utility-scams_tl-508ftclogo.txt,/home/hjkim/doc_ocr/result/pred/paddleocr_vl/pil__empower-yourself-against-utility-scams_tl-508ftclogo.txt
pil__scammers-intl-students-money_tl-508ftclogo,pil,paddleocr_vl,gpu:0,,1,18.516,18.516,1,2503,2558,408,413,0,0.023572,0.022059,59,9,basic,,/home/hjkim/doc_ocr/data/pil/scammers-intl-students-money_tl-508ftclogo.pdf,/home/hjkim/doc_ocr/data/gt/pil/scammers-intl-students-money_tl-508ftclogo.txt,/home/hjkim/doc_ocr/result/pred/paddleocr_vl/pil__scammers-intl-students-money_tl-508ftclogo.txt
ru__72lj3fbo7i1h83uotfpw88vvhj0s5nm8,ru,paddleocr_vl,gpu:0,,3,44.226,14.742,1,7031,4253,973,595,0,0.410895,0.405961,2889,395,basic,,/home/hjkim/doc_ocr/data/ru/72lj3fbo7i1h83uotfpw88vvhj0s5nm8.pdf,/home/hjkim/doc_ocr/data/gt/ru/72lj3fbo7i1h83uotfpw88vvhj0s5nm8.txt,/home/hjkim/doc_ocr/result/pred/paddleocr_vl/ru__72lj3fbo7i1h83uotfpw88vvhj0s5nm8.txt
ru__acqyks51995vcas54buq9j8zjfcv52mq,ru,paddleocr_vl,gpu:0,,4,37.882,9.47,1,3616,3607,441,441,0,0.004701,0.011338,17,5,basic,,/home/hjkim/doc_ocr/data/ru/acqyks51995vcas54buq9j8zjfcv52mq.pdf,/home/hjkim/doc_ocr/data/gt/ru/acqyks51995vcas54buq9j8zjfcv52mq.txt,/home/hjkim/doc_ocr/result/pred/paddleocr_vl/ru__acqyks51995vcas54buq9j8zjfcv52mq.txt
ru__c0bt6babub0mr9twu45skop5uqhh5ogk,ru,paddleocr_vl,gpu:0,,1,23.64,23.64,1,2377,2271,313,302,0,0.564998,0.658147,1343,206,basic,,/home/hjkim/doc_ocr/data/ru/c0bt6babub0mr9twu45skop5uqhh5ogk.pdf,/home/hjkim/doc_ocr/data/gt/ru/c0bt6babub0mr9twu45skop5uqhh5ogk.txt,/home/hjkim/doc_ocr/result/pred/paddleocr_vl/ru__c0bt6babub0mr9twu45skop5uqhh5ogk.txt
ru__dvbffhvesi7atsug569xnrlpbgerzwcj,ru,paddleocr_vl,gpu:0,,1,17.522,17.522,1,1719,1717,228,226,0,0.001163,0.017544,2,4,basic,,/home/hjkim/doc_ocr/data/ru/dvbffhvesi7atsug569xnrlpbgerzwcj.pdf,/home/hjkim/doc_ocr/data/gt/ru/dvbffhvesi7atsug569xnrlpbgerzwcj.txt,/home/hjkim/doc_ocr/result/pred/paddleocr_vl/ru__dvbffhvesi7atsug569xnrlpbgerzwcj.txt
ru__voe12ehxmqpqsa3z1f3moe6e3fhfy14n,ru,paddleocr_vl,gpu:0,,2,46.587,23.293,1,4397,4462,581,586,0,0.70116,0.833046,3083,484,basic,,/home/hjkim/doc_ocr/data/ru/voe12ehxmqpqsa3z1f3moe6e3fhfy14n.pdf,/home/hjkim/doc_ocr/data/gt/ru/voe12ehxmqpqsa3z1f3moe6e3fhfy14n.txt,/home/hjkim/doc_ocr/result/pred/paddleocr_vl/ru__voe12ehxmqpqsa3z1f3moe6e3fhfy14n.txt
uz__964-966,uz,paddleocr_vl,gpu:0,,3,87.897,29.299,1,8792,9028,990,1024,0,0.041288,0.151515,363,150,basic,,/home/hjkim/doc_ocr/data/uz/964-966.pdf,/home/hjkim/doc_ocr/data/gt/uz/964-966.txt,/home/hjkim/doc_ocr/result/pred/paddleocr_vl/uz__964-966.txt
uz__Abdug‘aniyev+Akobir+Akmaljon+o‘g‘li,uz,paddleocr_vl,gpu:0,,6,144.193,24.032,1,15098,15607,1781,1829,0,0.049278,0.146547,744,261,basic,,/home/hjkim/doc_ocr/data/uz/Abdug‘aniyev+Akobir+Akmaljon+o‘g‘li.pdf,/home/hjkim/doc_ocr/data/gt/uz/Abdug‘aniyev+Akobir+Akmaljon+o‘g‘li.txt,/home/hjkim/doc_ocr/result/pred/paddleocr_vl/uz__Abdug‘aniyev+Akobir+Akmaljon+o‘g‘li.txt
uz__Nasimov+Umedjon+Ulugbekovich,uz,paddleocr_vl,gpu:0,,5,101.041,20.208,1,10883,10856,1225,1215,0,0.016723,0.123265,182,151,basic,,/home/hjkim/doc_ocr/data/uz/Nasimov+Umedjon+Ulugbekovich.pdf,/home/hjkim/doc_ocr/data/gt/uz/Nasimov+Umedjon+Ulugbekovich.txt,/home/hjkim/doc_ocr/result/pred/paddleocr_vl/uz__Nasimov+Umedjon+Ulugbekovich.txt
uz__ZDIF+0701,uz,paddleocr_vl,gpu:0,,2,59.277,29.639,1,6394,6611,702,727,0,0.043635,0.115385,279,81,basic,,/home/hjkim/doc_ocr/data/uz/ZDIF+0701.pdf,/home/hjkim/doc_ocr/data/gt/uz/ZDIF+0701.txt,/home/hjkim/doc_ocr/result/pred/paddleocr_vl/uz__ZDIF+0701.txt
uz__ZDIF+0738,uz,paddleocr_vl,gpu:0,,3,83.964,27.988,1,8234,8611,979,1024,0,0.063153,0.160368,520,157,basic,,/home/hjkim/doc_ocr/data/uz/ZDIF+0738.pdf,/home/hjkim/doc_ocr/data/gt/uz/ZDIF+0738.txt,/home/hjkim/doc_ocr/result/pred/paddleocr_vl/uz__ZDIF+0738.txt
vn__04_2023_HSST_BRVT,vn,paddleocr_vl,gpu:0,,5,203.383,40.677,1,9914,9898,2256,2251,0,0.02794,0.050089,277,113,basic,,/home/hjkim/doc_ocr/data/vn/04_2023_HSST_BRVT.pdf,/home/hjkim/doc_ocr/data/gt/vn/04_2023_HSST_BRVT.txt,/home/hjkim/doc_ocr/result/pred/paddleocr_vl/vn__04_2023_HSST_BRVT.txt
vn__06_2023_HS-ST_HCM,vn,paddleocr_vl,gpu:0,,5,138.933,27.787,1,13732,13727,3110,3108,0,0.022939,0.041479,315,129,basic,,/home/hjkim/doc_ocr/data/vn/06_2023_HS-ST_HCM.pdf,/home/hjkim/doc_ocr/data/gt/vn/06_2023_HS-ST_HCM.txt,/home/hjkim/doc_ocr/result/pred/paddleocr_vl/vn__06_2023_HS-ST_HCM.txt
vn__132_2020_HS-ST_HCM,vn,paddleocr_vl,gpu:0,,6,148.579,24.763,1,13917,13917,3183,3182,0,0.021772,0.0377,303,120,basic,,/home/hjkim/doc_ocr/data/vn/132_2020_HS-ST_HCM.pdf,/home/hjkim/doc_ocr/data/gt/vn/132_2020_HS-ST_HCM.txt,/home/hjkim/doc_ocr/result/pred/paddleocr_vl/vn__132_2020_HS-ST_HCM.txt
vn__171_2018_HS-ST_HUE,vn,paddleocr_vl,gpu:0,,5,96.918,19.384,1,8829,8814,2019,1998,0,0.029562,0.065379,261,132,basic,,/home/hjkim/doc_ocr/data/vn/171_2018_HS-ST_HUE.pdf,/home/hjkim/doc_ocr/data/gt/vn/171_2018_HS-ST_HUE.txt,/home/hjkim/doc_ocr/result/pred/paddleocr_vl/vn__171_2018_HS-ST_HUE.txt
vn__29_2018_HS-ST_THAI_NGUYEN[1],vn,paddleocr_vl,gpu:0,,6,120.743,20.124,1,11298,11266,2556,2551,0,0.028501,0.048122,322,123,basic,,/home/hjkim/doc_ocr/data/vn/29_2018_HS-ST_THAI_NGUYEN[1].pdf,/home/hjkim/doc_ocr/data/gt/vn/29_2018_HS-ST_THAI_NGUYEN[1].txt,/home/hjkim/doc_ocr/result/pred/paddleocr_vl/vn__29_2018_HS-ST_THAI_NGUYEN[1].txt
